CREATE TABLE category (
  catid varchar(10) NOT NULL,
  catname varchar(30) NOT NULL,
  catdesc varchar(1000) DEFAULT NULL,
	PRIMARY KEY (catid)
) ;

INSERT INTO category (catid, catname, catdesc) VALUES
('C01', 'SCIENCE', 'SCIENCE'),
('C02', 'LEGO', 'LEGO'),
('C03', 'VEHICLES', 'VEHICLES'),
('C04', 'ARCHITECTS &amp; ENGINEERS', 'ARCHITECTS &amp; ENGINEERS');


CREATE TABLE suppliers (
  supid varchar(10) NOT NULL,
  supname varchar(30) NOT NULL,
  supdesc varchar(1000) DEFAULT NULL,
	PRIMARY KEY (supid)
) ;


INSERT INTO suppliers (supid, supname, supdesc) VALUES
('S01', 'PLAYGO', 'PLAYGO'),
('S02', 'LEGO COMPANY', 'LEGO COMPANY'),
('S03 ', 'TOY', 'TOY');

CREATE TABLE branch (
  branchid varchar(10) NOT NULL,
  branchname varchar(30) NOT NULL,
  address varchar(1000) DEFAULT NULL,
	PRIMARY KEY (branchid)
) ;

INSERT INTO branch (branchid, branchname, address) VALUES
('B01', 'Branch HCM', 'Thu Duc, Ho Chi Minh '),
('B02', 'Branch Ha Noi', 'Cau Giay, Ha Noi'),
('B03', 'Branch CT', 'Ninh Kieu, Can Tho');


CREATE TABLE customer (
  username varchar(20) NOT NULL,
  password varchar(40) NOT NULL,
  cusname varchar(30) NOT NULL,
  gender int NOT NULL,
  address varchar(1000) NOT NULL,
  telephone varchar(50) NOT NULL,
  email varchar(50) NOT NULL,
  cusdate int NOT NULL,
  cusmonth int NOT NULL,
  cusyear int NOT NULL,
  state int NOT NULL,
    PRIMARY KEY (username)
) ;



INSERT INTO customer (username, password, cusname, gender, address, telephone, email, cusdate, cusmonth, cusyear, state) VALUES
('admin', 'e10adc3949ba59abbe56e057f20f883e', 'Le Chi Luan', 0, 'Can Tho', '0386363677', 'luanlcgcc19023@fpt.edu.vn', 6, 6, 2001, 1),
('chiluan', 'e10adc3949ba59abbe56e057f20f883e', 'luan', 0, '6466464', '464646464', 'luan@gmail.com', 16, 5, 1983, 1),
('Finn', 'e10adc3949ba59abbe56e057f20f883e', 'Nguyen Hung Dung', 0, 'Can Tho', '0903100550', 'nhdung.CPL@gmail.com', 31, 8, 1980, 0),
('luanit', 'e10adc3949ba59abbe56e057f20f883e', 'Le Luan', 0, 'Can Tho', '03869696964', 'luanit@gmail.com', 17, 8, 1988, 0);


CREATE TABLE feedback (
  feedbackid BIGSERIAL NOT NULL,
  username varchar(20) NOT NULL,
  telephone varchar(50) NOT NULL,
  email varchar(50) NOT NULL,
  message varchar(500) NOT NULL,
  PRIMARY KEY (feedbackid),
  FOREIGN KEY (username) REFERENCES customer (username)
) ;

CREATE TABLE payment (
  paymentid varchar(10) NOT NULL,
  paymentname varchar(30) NOT NULL,
    PRIMARY KEY (paymentid)
) ;

INSERT INTO payment (paymentid, paymentname) VALUES
('PA01', 'Payment on delivery'),
('PA02', 'Transfer'),
('PA03', 'Paypal'),
('PA04', 'Momo'),
('PA05', 'ViettelPay');

CREATE TABLE orders (
  orderid BIGSERIAL NOT NULL,
  orderdate timestamp(0) NOT NULL,
  deliverydate timestamp(0) NOT NULL,
  deliveryloca varchar(200) NOT NULL,
  username varchar(20) NOT NULL,
  totalprice bigint NOT NULL,
  paymentid varchar(10) NOT NULL,
  PRIMARY KEY (orderid),
	FOREIGN KEY (username) REFERENCES customer (Username),
    FOREIGN KEY (paymentid) REFERENCES payment (paymentid)
) ;



CREATE TABLE product (
  proid varchar(10) NOT NULL,
  proname varchar(30) NOT NULL,
  price bigint NOT NULL,
  oldprice bigint NOT NULL,
  smalldesc varchar(1000) NOT NULL,
  detaildesc text NOT NULL,
  prodate timestamp(0) NOT NULL,
  proqty int NOT NULL,
  proimage varchar(200) NOT NULL,
  catid varchar(10) NOT NULL,
  supid varchar(10) NOT NULL,
  branchid varchar(10) NOT NULL,
  PRIMARY KEY (proid, branchid),
  FOREIGN KEY (catid) REFERENCES category (catid),
  FOREIGN KEY (supid) REFERENCES suppliers (supid),
  FOREIGN KEY (branchid) REFERENCES branch (branchid)
) ;



CREATE TABLE orderdetail (
  orderid int NOT NULL,
  proid varchar(10) NOT NULL,
  branchid varchar(10) NOT NULL,
  price bigint NOT NULL,
  qty int NOT NULL,
  unitprice bigint NOT NULL,
	PRIMARY KEY (orderid, proid),
	FOREIGN KEY (proid,branchid) REFERENCES product (proid,branchid),
	FOREIGN KEY (orderid) REFERENCES orders (orderid)
) ;


INSERT INTO product (proid, proname, price, oldprice, smalldesc, detaildesc, prodate, proqty, proimage, catid, supid, branchid)  VALUES
('P01', 'GLOWING LAB', 20, 30, 'Recommended for ages 6 to 12 years  ', '<p style=\"box-sizing: border-box; transition: opacity 0.25s ease-in-out 0s; margin: 10px 0px 0px; padding: 0px; border: 0px; color: rgb(5, 5, 6); font-family: Poppins, Helvetica, sans-serif; font-size: 14px;\">\r\n	<span style=\"box-sizing: border-box; transition: opacity 0.25s ease-in-out 0s; margin: 0px; padding: 0px; border: 0px;\">Science is sweet!</span></p>\r\n<p style=\"box-sizing: border-box; transition: opacity 0.25s ease-in-out 0s; margin: 10px 0px 0px; padding: 0px; border: 0px; color: rgb(5, 5, 6); font-family: Poppins, Helvetica, sans-serif; font-size: 14px;\">\r\n	<span style=\"box-sizing: border-box; transition: opacity 0.25s ease-in-out 0s; margin: 0px; padding: 0px; border: 0px;\">Set the world aglow with peace, happiness and good times! Make yummy candies that actually glow in the dark. Mold fun, glowing gummies and sweet, glowing ice cubes in groovy shapes. Then make a batch of hard candy and watch it glow. A small amount of a safe, natural ingredient &mdash; riboflavin, or vitamin B2 &mdash; causes these candies to glow under the included blacklight flashlight. Learn about the chemistry of glowing materials and pigments, the physics of light and electromagnetic waves, and more science behind these delicious treats. This kit includes all the food ingredients needed for a groovy good time!</span></p>\r\n<p style=\"box-sizing: border-box; transition: opacity 0.25s ease-in-out 0s; margin: 10px 0px 0px; padding: 0px; border: 0px; color: rgb(5, 5, 6); font-family: Poppins, Helvetica, sans-serif; font-size: 14px;\">\r\n	&nbsp;</p>\r\n<ul style=\"box-sizing: border-box; transition: opacity 0.25s ease-in-out 0s; margin: 0px; padding-right: 0px; padding-left: 0px; border: 0px; list-style-position: inside; list-style-image: inherit; list-style-type: inherit; color: rgb(5, 5, 6); font-family: Poppins, Helvetica, sans-serif; font-size: 14px;\">\r\n	<li style=\"box-sizing: border-box; transition: opacity 0.25s ease-in-out 0s; margin: 0px; padding: 0px; border: 0px;\">\r\n		<span style=\"box-sizing: border-box; transition: opacity 0.25s ease-in-out 0s; margin: 0px; padding: 0px; border: 0px;\"><span style=\"box-sizing: border-box; transition: opacity 0.25s ease-in-out 0s; font-weight: 600; margin: 0px; padding: 0px; border: 0px;\">Groovy Glowing Candy Lab</span>&nbsp;by Thames &amp; Kosmos is the newest addition to the best-selling candy science line with two new flavors: fruit punch and tropical pineapple.</span></li>\r\n	<li style=\"box-sizing: border-box; transition: opacity 0.25s ease-in-out 0s; margin: 0px; padding: 0px; border: 0px;\">\r\n		<span style=\"box-sizing: border-box; transition: opacity 0.25s ease-in-out 0s; margin: 0px; padding: 0px; border: 0px;\">Make groovy gummies, hard candies and sweet ice cubes that glow in the dark under a black light (UV flashlight included).</span></li>\r\n	<li style=\"box-sizing: border-box; transition: opacity 0.25s ease-in-out 0s; margin: 0px; padding: 0px; border: 0px;\">\r\n		<span style=\"box-sizing: border-box; transition: opacity 0.25s ease-in-out 0s; margin: 0px; padding: 0px; border: 0px;\">Kit includes all food ingredients, candy mold, and UV flashlight as well as a 16-page manual with instructions and 5 experiments.&nbsp;</span></li>\r\n	<li style=\"box-sizing: border-box; transition: opacity 0.25s ease-in-out 0s; margin: 0px; padding: 0px; border: 0px;\">\r\n		<span style=\"box-sizing: border-box; transition: opacity 0.25s ease-in-out 0s; margin: 0px; padding: 0px; border: 0px;\">STEM-themed activity kit &ldquo;sneaks&rdquo; in chemistry lessons with mixtures, solutions and luminescence.</span></li>\r\n	<li style=\"box-sizing: border-box; transition: opacity 0.25s ease-in-out 0s; margin: 0px; padding: 0px; border: 0px;\">\r\n		<span style=\"box-sizing: border-box; transition: opacity 0.25s ease-in-out 0s; margin: 0px; padding: 0px; border: 0px;\">Made in the USA.</span></li>\r\n	<li style=\"box-sizing: border-box; transition: opacity 0.25s ease-in-out 0s; margin: 0px; padding: 0px; border: 0px;\">\r\n		<span style=\"box-sizing: border-box; transition: opacity 0.25s ease-in-out 0s; margin: 0px; padding: 0px; border: 0px;\">FDA compliant with extended shelf life.</span></li>\r\n	<li style=\"box-sizing: border-box; transition: opacity 0.25s ease-in-out 0s; margin: 0px; padding: 0px; border: 0px;\">\r\n		Contains small parts! Not suitable for children under age 3 years!</li>\r\n</ul>\r\n', '2021-11-04 17:33:01', 10000, 'P01.png', 'C01', 'S01', 'B01'),
('P02', 'FORENSIC LAB', 35, 45, 'Recommended for ages 8 to 14 years', '<p style=\"box-sizing: border-box; transition: opacity 0.25s ease-in-out 0s; margin: 10px 0px 0px; padding: 0px; border: 0px; color: rgb(5, 5, 6); font-family: Poppins, Helvetica, sans-serif; font-size: 14px;\">\r\n	Use real techniques to solve impossible cases.</p>\r\n<p style=\"box-sizing: border-box; transition: opacity 0.25s ease-in-out 0s; margin: 10px 0px 0px; padding: 0px; border: 0px; color: rgb(5, 5, 6); font-family: Poppins, Helvetica, sans-serif; font-size: 14px;\">\r\n	Use the magic of Chromatography to extract telltale colors from Crime Scene Notes (like DNA analysis). Special indicators spot dangerous ACIDS and ALKALIS. Develop and Lift and Match fingerprints. Trap thieves with glow-in-the-dark inks. Collect Suspect Shoeprints, then compare to your crime scene Footprint Cast. Reveal Secret Messages. Who drove the getaway car? YOU will know using Cloth Fiber Analysis&hellip; and much, much more.</p>\r\n<p style=\"box-sizing: border-box; transition: opacity 0.25s ease-in-out 0s; margin: 10px 0px 0px; padding: 0px; border: 0px; color: rgb(5, 5, 6); font-family: Poppins, Helvetica, sans-serif; font-size: 14px;\">\r\n	&nbsp;</p>\r\n<ul style=\"box-sizing: border-box; transition: opacity 0.25s ease-in-out 0s; margin: 0px; padding-right: 0px; padding-left: 0px; border: 0px; list-style-position: inside; list-style-image: inherit; list-style-type: inherit; color: rgb(5, 5, 6); font-family: Poppins, Helvetica, sans-serif; font-size: 14px;\">\r\n	<li style=\"box-sizing: border-box; transition: opacity 0.25s ease-in-out 0s; margin: 0px; padding: 0px; border: 0px;\">\r\n		Become a detective! Use real techniques to match fingerprints, analyze DNA, identify fibers, test for poisons, cast footprints and discover secret messages. Set the scene with the crime scene tape!</li>\r\n	<li style=\"box-sizing: border-box; transition: opacity 0.25s ease-in-out 0s; margin: 0px; padding: 0px; border: 0px;\">\r\n		In this kit, children will learn how detectives use forensic science to collect and examine crime scene evidence. Each step in the booklet comes with an illustration to show exactly what needs to be done.&nbsp;</li>\r\n	<li style=\"box-sizing: border-box; transition: opacity 0.25s ease-in-out 0s; margin: 0px; padding: 0px; border: 0px;\">\r\n		Where&#39;s the secret message? Whose footprints are these? Test your child&#39;s observation skills as they examine the crime scene for evidence!</li>\r\n	<li style=\"box-sizing: border-box; transition: opacity 0.25s ease-in-out 0s; margin: 0px; padding: 0px; border: 0px;\">\r\n		Children will learn how to use chromatography to extract evidence from DNA analyses, test acids and alkalis to discover secret writing, examine fingerprint characteristics, collect shoe prints, search the crime scene for hidden messages and so much more!</li>\r\n	<li style=\"box-sizing: border-box; transition: opacity 0.25s ease-in-out 0s; margin: 0px; padding: 0px; border: 0px;\">\r\n		This kit develops logical, analytical and problem-solving skills as children examine evidence to solve cases.</li>\r\n	<li style=\"box-sizing: border-box; transition: opacity 0.25s ease-in-out 0s; margin: 0px; padding: 0px; border: 0px;\">\r\n		Kit includes a full-color instruction booklet, laboratory tools and high-quality ingredients &mdash; a total of 66 pieces*; some household items are also required, such as paper, scissors, a plate, old shoes and sweaters, a black marker, small mirror or shiny surface and a glass jar.</li>\r\n	<li style=\"box-sizing: border-box; transition: opacity 0.25s ease-in-out 0s; margin: 0px; padding: 0px; border: 0px;\">\r\n		UV flashlight requires 3 LR41 button-cell batteries, which are INCLUDED and cannot be replaced.&nbsp;</li>\r\n	<li style=\"box-sizing: border-box; transition: opacity 0.25s ease-in-out 0s; margin: 0px; padding: 0px; border: 0px;\">\r\n		WILD! Science products are tested to the highest consumer standards (ASTM and CPSIA).</li>\r\n	<li style=\"box-sizing: border-box; transition: opacity 0.25s ease-in-out 0s; margin: 0px; padding: 0px; border: 0px;\">\r\n		Contains small parts!&nbsp;Not suitable for children under age 3 years!</li>\r\n	<li style=\"box-sizing: border-box; transition: opacity 0.25s ease-in-out 0s; margin: 0px; padding: 0px; border: 0px;\">\r\n		Parental supervision is recommended.</li>\r\n</ul>\r\n<p style=\"box-sizing: border-box; transition: opacity 0.25s ease-in-out 0s; margin: 10px 0px 0px; padding: 0px; border: 0px; color: rgb(5, 5, 6); font-family: Poppins, Helvetica, sans-serif; font-size: 14px;\">\r\n	*Kit includes: Sodium bicarbonate, citric acid, Plaster of Paris, cornstarch, Universal Indicator strips x 8, beaker, pipette, scoops x 2, tweezers, magnifier, water-based marker pens x 2, cylinder, chromatography paper, UV flashlight and invisible ink marker, spoon, stirring sticks x 5, fingerprint slides, footprint mold wall, tracing paper x 6, cotton balls x 10, cotton buds x 4, ink pad, plain sticky labels, sticky tape, pencil, sample tubes x 5, Crime Scene tape x 3 meters, instruction booklet and safety leaflet.</p>\r\n', '2021-11-04 16:56:37', 9999, 'P02.jpg', 'C01', 'S01', 'B01'),
('P03', 'ROCKET RACERS', 30, 40, 'Recommended for ages 8 to 12 years', '<p style=\"box-sizing: border-box; transition: opacity 0.25s ease-in-out 0s; margin: 10px 0px 0px; padding: 0px; border: 0px; color: rgb(5, 5, 6); font-family: Poppins, Helvetica, sans-serif; font-size: 14px;\">\r\n	HIGH-OCTANE HEAD-TO-HEAD ACTION: This&nbsp;<span style=\"box-sizing: border-box; transition: opacity 0.25s ease-in-out 0s; font-weight: 600; margin: 0px; padding: 0px; border: 0px;\">Fuel &lsquo;N Duel Rocket Racers</span>&nbsp;set includes everything you need to get off to the races! Customize your rocket race cars and make your own awesome racetrack complete with obstacles to blast through!</p>\r\n<p style=\"box-sizing: border-box; transition: opacity 0.25s ease-in-out 0s; margin: 10px 0px 0px; padding: 0px; border: 0px; color: rgb(5, 5, 6); font-family: Poppins, Helvetica, sans-serif; font-size: 14px;\">\r\n	GET READY FOR BLAST OFF! Start your engines, mix your fuel, and blast your race cars to another dimension! If you are looking for a scientific twist on a classic racing game, look no further than this&nbsp;<span style=\"box-sizing: border-box; transition: opacity 0.25s ease-in-out 0s; font-weight: 600; margin: 0px; padding: 0px; border: 0px;\">Fuel &lsquo;N Duel</span>, where chemistry combines&nbsp;<span class=\"more-content js-more-content\" style=\"box-sizing: border-box; transition: opacity 0.25s ease-in-out 0s; margin: 0px; padding: 0px; border: 0px;\">with classic head-to-head racing action!</span></p>\r\n<p style=\"box-sizing: border-box; transition: opacity 0.25s ease-in-out 0s; margin: 10px 0px 0px; padding: 0px; border: 0px; color: rgb(5, 5, 6); font-family: Poppins, Helvetica, sans-serif; font-size: 14px;\">\r\n	<span class=\"more-content js-more-content\" style=\"box-sizing: border-box; transition: opacity 0.25s ease-in-out 0s; margin: 0px; padding: 0px; border: 0px;\">CUSTOMIZE YOUR RACING CARS, add more weight, swap out wheels and prepare yourself for endless hours of head-to-head racing.</span></p>\r\n<p style=\"box-sizing: border-box; transition: opacity 0.25s ease-in-out 0s; margin: 10px 0px 0px; padding: 0px; border: 0px; color: rgb(5, 5, 6); font-family: Poppins, Helvetica, sans-serif; font-size: 14px;\">\r\n	<span class=\"more-content js-more-content\" style=\"box-sizing: border-box; transition: opacity 0.25s ease-in-out 0s; margin: 0px; padding: 0px; border: 0px;\">This science racing kit includes 2 cars, 2 sleds, 2 plows, 16 wheels, 2 sloped trucks, 2 flat trucks, starter base, hazard zone, 2 fuel tanks, 2 dry fuel cups, 2 fuel caps, 2 starting gates, 2 no-spill screens, finish line base, finish line, winner indicator, Snow Powder 0.35 ounces, and Zzand 0.35 ounces.&nbsp;</span></p>\r\n<p style=\"box-sizing: border-box; transition: opacity 0.25s ease-in-out 0s; margin: 10px 0px 0px; padding: 0px; border: 0px; color: rgb(5, 5, 6); font-family: Poppins, Helvetica, sans-serif; font-size: 14px;\">\r\n	&nbsp;</p>\r\n<ul style=\"box-sizing: border-box; transition: opacity 0.25s ease-in-out 0s; margin: 0px; padding-right: 0px; padding-left: 0px; border: 0px; list-style-position: inside; list-style-image: inherit; list-style-type: inherit; color: rgb(5, 5, 6); font-family: Poppins, Helvetica, sans-serif; font-size: 14px;\">\r\n	<li style=\"box-sizing: border-box; transition: opacity 0.25s ease-in-out 0s; margin: 0px; padding: 0px; border: 0px;\">\r\n		<span class=\"more-content js-more-content\" style=\"box-sizing: border-box; transition: opacity 0.25s ease-in-out 0s; margin: 0px; padding: 0px; border: 0px;\">Chemistry and head-to-head racing combine in this science racing set. Help your kids understand the science behind racing cars and make their own fuel with our mind-blowing racer cars set.</span></li>\r\n	<li style=\"box-sizing: border-box; transition: opacity 0.25s ease-in-out 0s; margin: 0px; padding: 0px; border: 0px;\">\r\n		<span class=\"more-content js-more-content\" style=\"box-sizing: border-box; transition: opacity 0.25s ease-in-out 0s; margin: 0px; padding: 0px; border: 0px;\">Mix your own fuel, watch the reaction build in the clear fuel chamber &ndash; then get ready for your cars to blast off!</span></li>\r\n	<li style=\"box-sizing: border-box; transition: opacity 0.25s ease-in-out 0s; margin: 0px; padding: 0px; border: 0px;\">\r\n		<span class=\"more-content js-more-content\" style=\"box-sizing: border-box; transition: opacity 0.25s ease-in-out 0s; margin: 0px; padding: 0px; border: 0px;\">Blast-off rocket cars indoors? Yes! With the parent-approved &quot;No Mess Spill-Stoppers&quot;, mess is contained for easy clean-up in seconds.</span></li>\r\n	<li style=\"box-sizing: border-box; transition: opacity 0.25s ease-in-out 0s; margin: 0px; padding: 0px; border: 0px;\">\r\n		<span class=\"more-content js-more-content\" style=\"box-sizing: border-box; transition: opacity 0.25s ease-in-out 0s; margin: 0px; padding: 0px; border: 0px;\">Customize your vehicles and test variability! Change the wheels, the weight, and even add a plow or ski.</span></li>\r\n	<li style=\"box-sizing: border-box; transition: opacity 0.25s ease-in-out 0s; margin: 0px; padding: 0px; border: 0px;\">\r\n		<span class=\"more-content js-more-content\" style=\"box-sizing: border-box; transition: opacity 0.25s ease-in-out 0s; margin: 0px; padding: 0px; border: 0px;\">Made from kid-friendly, nontoxic materials, this racing toy for kids will ensure your kids play in safety.</span></li>\r\n	<li style=\"box-sizing: border-box; transition: opacity 0.25s ease-in-out 0s; margin: 0px; padding: 0px; border: 0px;\">\r\n		<span class=\"more-content js-more-content\" style=\"box-sizing: border-box; transition: opacity 0.25s ease-in-out 0s; margin: 0px; padding: 0px; border: 0px;\">The&nbsp;<span style=\"box-sizing: border-box; transition: opacity 0.25s ease-in-out 0s; font-weight: 600; margin: 0px; padding: 0px; border: 0px;\">Fuel &#39;N Duel Rocket Racers</span>&nbsp;set will have your kids exploring STEM while having fun!</span></li>\r\n	<li style=\"box-sizing: border-box; transition: opacity 0.25s ease-in-out 0s; margin: 0px; padding: 0px; border: 0px;\">\r\n		Contains small parts!&nbsp;Not suitable for children under age 3 years!</li>\r\n</ul>\r\n', '2021-11-04 16:56:29', 999, 'P03.jpg', 'C01', 'S01', 'B01'),
('P04', 'CHEMISTRY BUCKET', 25, 35, 'Recommended for ages 5 to 12 years', '<p style=\"box-sizing: border-box; transition: opacity 0.25s ease-in-out 0s; margin: 10px 0px 0px; padding: 0px; border: 0px; color: rgb(5, 5, 6); font-family: Poppins, Helvetica, sans-serif; font-size: 14px;\">\r\n	Complete 28-piece set includes everything you need to complete 10 fun and easy experiments &ndash; Color Symphony, Blobs, Cleaning Pennies, Lava Tube, Egg Shell Crystals and 5 more!</p>\r\n<p style=\"box-sizing: border-box; transition: opacity 0.25s ease-in-out 0s; margin: 10px 0px 0px; padding: 0px; border: 0px; color: rgb(5, 5, 6); font-family: Poppins, Helvetica, sans-serif; font-size: 14px;\">\r\n	&nbsp;</p>\r\n<ul style=\"box-sizing: border-box; transition: opacity 0.25s ease-in-out 0s; margin: 0px; padding-right: 0px; padding-left: 0px; border: 0px; list-style-position: inside; list-style-image: inherit; list-style-type: inherit; color: rgb(5, 5, 6); font-family: Poppins, Helvetica, sans-serif; font-size: 14px;\">\r\n	<li style=\"box-sizing: border-box; transition: opacity 0.25s ease-in-out 0s; margin: 0px; padding: 0px; border: 0px;\">\r\n		Bucket measures 6 x 6 x 10 inches (LxWxH).</li>\r\n	<li style=\"box-sizing: border-box; transition: opacity 0.25s ease-in-out 0s; margin: 0px; padding: 0px; border: 0px;\">\r\n		Contains small parts!&nbsp;Not suitable for children under age 3 years!</li>\r\n</ul>\r\n', '2021-11-04 16:55:27', 1000, 'P04.jpg', 'C01', 'S01', 'B01'),
('P05', 'WILDLIFE RESCUE ATV', 15, 25, 'WILDLIFE RESCUE ATV – 60300', '<p style=\"box-sizing: border-box; transition: opacity 0.25s ease-in-out 0s; margin: 10px 0px 0px; padding: 0px; border: 0px; color: rgb(5, 5, 6); font-family: Poppins, Helvetica, sans-serif; font-size: 14px;\">\r\n	Head for the LEGO&reg; City savanna for fun wildlife adventures! Join the explorer aboard his cool ATV. Send up the observation drone to look for wildlife. Uh-oh! Those playful monkeys have found a new friend &ndash; a black scorpion. Not a good idea! Take the grabber tool and race to the scene to save the day. When you&rsquo;ve carefully relocated their new playmate, check that the monkeys are safe and head for home.</p>\r\n<p style=\"box-sizing: border-box; transition: opacity 0.25s ease-in-out 0s; margin: 10px 0px 0px; padding: 0px; border: 0px; color: rgb(5, 5, 6); font-family: Poppins, Helvetica, sans-serif; font-size: 14px;\">\r\n	Introduce budding explorers to the wonders of nature with this inspiring LEGO City&nbsp;<span style=\"box-sizing: border-box; transition: opacity 0.25s ease-in-out 0s; font-weight: 600; margin: 0px; padding: 0px; border: 0px;\">Wildlife Rescue ATV</span>&nbsp;playset, featuring a cool toy all-terrain vehicle (ATV) with tilt-to-turn steering, equipped with a grabber tool and drone, plus a small savanna setting. Just add the explorer, monkeys and black scorpion for exciting animal-rescue adventures.</p>\r\n<p style=\"box-sizing: border-box; transition: opacity 0.25s ease-in-out 0s; margin: 10px 0px 0px; padding: 0px; border: 0px; color: rgb(5, 5, 6); font-family: Poppins, Helvetica, sans-serif; font-size: 14px;\">\r\n	This toy construction set comes with an easy-to-follow building guide and Instructions PLUS &ndash; part of the free LEGO Building Instructions app for smartphones and tablets. This interactive construction guide, with zoom and rotate viewing tools, helps young LEGO builders become master builders!</p>\r\n<p style=\"box-sizing: border-box; transition: opacity 0.25s ease-in-out 0s; margin: 10px 0px 0px; padding: 0px; border: 0px; color: rgb(5, 5, 6); font-family: Poppins, Helvetica, sans-serif; font-size: 14px;\">\r\n	LEGO City Wildlife playsets put kids at the heart of the action with iconic animals, realistic settings, cool vehicles and inspiring characters that stimulate creative role play based on real-life events.</p>\r\n<p style=\"box-sizing: border-box; transition: opacity 0.25s ease-in-out 0s; margin: 10px 0px 0px; padding: 0px; border: 0px; color: rgb(5, 5, 6); font-family: Poppins, Helvetica, sans-serif; font-size: 14px;\">\r\n	&nbsp;</p>\r\n<ul style=\"box-sizing: border-box; transition: opacity 0.25s ease-in-out 0s; margin: 0px; padding-right: 0px; padding-left: 0px; border: 0px; list-style-position: inside; list-style-image: inherit; list-style-type: inherit; color: rgb(5, 5, 6); font-family: Poppins, Helvetica, sans-serif; font-size: 14px;\">\r\n	<li style=\"box-sizing: border-box; transition: opacity 0.25s ease-in-out 0s; margin: 0px; padding: 0px; border: 0px;\">\r\n		This LEGO&reg; City&nbsp;<span style=\"box-sizing: border-box; transition: opacity 0.25s ease-in-out 0s; font-weight: 600; margin: 0px; padding: 0px; border: 0px;\">Wildlife Rescue ATV</span>&nbsp;playset with fun animal and explorer characters, a steerable ATV and small savanna setting is perfect for budding adventurers aged 5 and up.</li>\r\n	<li style=\"box-sizing: border-box; transition: opacity 0.25s ease-in-out 0s; margin: 0px; padding: 0px; border: 0px;\">\r\n		What&rsquo;s in the box? All kids need to build a steerable ATV with a toy grabber tool and drone; plus a tree, banana and poop elements; an explorer minifigure; 2 monkey figures and a scorpion figure.</li>\r\n	<li style=\"box-sizing: border-box; transition: opacity 0.25s ease-in-out 0s; margin: 0px; padding: 0px; border: 0px;\">\r\n		Kids can tilt the toy ATV to steer left and right, use the grabber tool to relocate the scorpion and play out fun animal rescue stories with this creative building set.</li>\r\n	<li style=\"box-sizing: border-box; transition: opacity 0.25s ease-in-out 0s; margin: 0px; padding: 0px; border: 0px;\">\r\n		Kids can also combine this playset with others from the LEGO&reg; City Wildlife range for even more action and adventure. Additional sets are&nbsp;<span style=\"box-sizing: border-box; transition: opacity 0.25s ease-in-out 0s; margin: 0px; padding: 0px; border: 0px; text-decoration-line: underline;\">available separately</span>.</li>\r\n	<li style=\"box-sizing: border-box; transition: opacity 0.25s ease-in-out 0s; margin: 0px; padding: 0px; border: 0px;\">\r\n		When built, the&nbsp;<span style=\"box-sizing: border-box; transition: opacity 0.25s ease-in-out 0s; font-weight: 600; margin: 0px; padding: 0px; border: 0px;\">Wildlife Rescue ATV</span>&nbsp;measures 2.8 x 2 x 1.6 inches (LxWxH), so there&rsquo;s plenty of room for the explorer minifigure, drone and grabber tool.</li>\r\n	<li style=\"box-sizing: border-box; transition: opacity 0.25s ease-in-out 0s; margin: 0px; padding: 0px; border: 0px;\">\r\n		No batteries required. This playset is powered by budding explorers with big imaginations.</li>\r\n	<li style=\"box-sizing: border-box; transition: opacity 0.25s ease-in-out 0s; margin: 0px; padding: 0px; border: 0px;\">\r\n		Includes a simple building guide and Instructions PLUS &ndash; part of the free LEGO&reg; Building Instructions app for smart devices. This interactive construction guide helps kids become master builders.</li>\r\n	<li style=\"box-sizing: border-box; transition: opacity 0.25s ease-in-out 0s; margin: 0px; padding: 0px; border: 0px;\">\r\n		LEGO&reg; City Wildlife playsets put kids at the heart of the action, helping them develop confidence and key life skills as they play out exciting stories and scenarios that depict life in a fun way.</li>\r\n	<li style=\"box-sizing: border-box; transition: opacity 0.25s ease-in-out 0s; margin: 0px; padding: 0px; border: 0px;\">\r\n		Contains small parts!&nbsp;Not suitable for children under age 3 years!</li>\r\n</ul>\r\n', '2021-11-04 17:07:28', 1000, 'P05.jpg', 'C02', 'S02', 'B01'),
('P06', 'BOBA FETTS STARSHIP', 65, 85, 'Recommended for ages 5 to 12 years', '<p style=\"box-sizing: border-box; transition: opacity 0.25s ease-in-out 0s; margin: 10px 0px 0px; padding: 0px; border: 0px; color: rgb(5, 5, 6); font-family: Poppins, Helvetica, sans-serif; font-size: 14px;\">\r\n	<i style=\"box-sizing: border-box; transition: opacity 0.25s ease-in-out 0s; margin: 0px; padding: 0px; border: 0px;\">Star&nbsp;Wars</i>: The Mandalorian fans can play out bounty-hunting missions and battles with this brilliant LEGO&reg; brick version of&nbsp;<span style=\"box-sizing: border-box; transition: opacity 0.25s ease-in-out 0s; font-weight: 600; margin: 0px; padding: 0px; border: 0px;\">Boba Fett&rsquo;s Starship&trade;</span>. It features a handle for easy flying, an opening LEGO minifigure cockpit, rotating wings, 2 stud shooters and 2 rotating dual blaster cannons (non-shooting). This premium-quality set also includes Boba Fett&trade; and The Mandalorian&trade; LEGO minifigures with weapons, plus a Carbonite brick that fits in a compartment of the starship.</p>\r\n<p style=\"box-sizing: border-box; transition: opacity 0.25s ease-in-out 0s; margin: 10px 0px 0px; padding: 0px; border: 0px; color: rgb(5, 5, 6); font-family: Poppins, Helvetica, sans-serif; font-size: 14px;\">\r\n	There is also a transporter vehicle to move the starship and use as a stand so kids can display this awesome building toy in a vertical flying position. The set comes with clear instructions so even LEGO newcomers can build confidently.</p>\r\n<p style=\"box-sizing: border-box; transition: opacity 0.25s ease-in-out 0s; margin: 10px 0px 0px; padding: 0px; border: 0px; color: rgb(5, 5, 6); font-family: Poppins, Helvetica, sans-serif; font-size: 14px;\">\r\n	The LEGO Group has been creating brick-built versions of&nbsp;<i style=\"box-sizing: border-box; transition: opacity 0.25s ease-in-out 0s; margin: 0px; padding: 0px; border: 0px;\">Star&nbsp;Wars</i>&trade; starfighters, vehicles, locations and characters since 1999. The LEGO&nbsp;<i style=\"box-sizing: border-box; transition: opacity 0.25s ease-in-out 0s; margin: 0px; padding: 0px; border: 0px;\">Star&nbsp;Wars</i>&nbsp;theme has become hugely successful with construction sets that make super gifts for fans of all ages.</p>\r\n<p style=\"box-sizing: border-box; transition: opacity 0.25s ease-in-out 0s; margin: 10px 0px 0px; padding: 0px; border: 0px; color: rgb(5, 5, 6); font-family: Poppins, Helvetica, sans-serif; font-size: 14px;\">\r\n	&nbsp;</p>\r\n<ul style=\"box-sizing: border-box; transition: opacity 0.25s ease-in-out 0s; margin: 0px; padding-right: 0px; padding-left: 0px; border: 0px; list-style-position: inside; list-style-image: inherit; list-style-type: inherit; color: rgb(5, 5, 6); font-family: Poppins, Helvetica, sans-serif; font-size: 14px;\">\r\n	<li style=\"box-sizing: border-box; transition: opacity 0.25s ease-in-out 0s; margin: 0px; padding: 0px; border: 0px;\">\r\n		Kids can recreate&nbsp;<i style=\"box-sizing: border-box; transition: opacity 0.25s ease-in-out 0s; margin: 0px; padding: 0px; border: 0px;\">Star&nbsp;Wars</i>: The Mandalorian Season 2 battle scenes and play out their own bounty-hunting missions with this cool LEGO&reg; brick version of&nbsp;<span style=\"box-sizing: border-box; transition: opacity 0.25s ease-in-out 0s; font-weight: 600; margin: 0px; padding: 0px; border: 0px;\">Boba Fett&rsquo;s Starship&trade;</span>.</li>\r\n	<li style=\"box-sizing: border-box; transition: opacity 0.25s ease-in-out 0s; margin: 0px; padding: 0px; border: 0px;\">\r\n		Includes 2 LEGO&reg; minifigures: Boba Fett&trade; with a blaster and The Mandalorian&trade; with his blaster rifle and a beskar spear, plus a Carbonite brick to add to the creative play possibilities.</li>\r\n	<li style=\"box-sizing: border-box; transition: opacity 0.25s ease-in-out 0s; margin: 0px; padding: 0px; border: 0px;\">\r\n		The starship has a handle for easy flying, an opening LEGO&reg; minifigure cockpit, rotating wings, 2 stud shooters, 2 rotating dual blaster cannons (non-shooting) and a compartment for a Carbonite brick.</li>\r\n	<li style=\"box-sizing: border-box; transition: opacity 0.25s ease-in-out 0s; margin: 0px; padding: 0px; border: 0px;\">\r\n		Also includes a transporter vehicle to move the starship on the ground in play scenarios; this also makes a great display stand for builders to show off their creation in an upright flight position.</li>\r\n	<li style=\"box-sizing: border-box; transition: opacity 0.25s ease-in-out 0s; margin: 0px; padding: 0px; border: 0px;\">\r\n		The starship measures 7.9 x 7.9 x 3.2 inches (LxWxH) and makes an impressive centerpiece that will wow your young builder&rsquo;s friends.</li>\r\n	<li style=\"box-sizing: border-box; transition: opacity 0.25s ease-in-out 0s; margin: 0px; padding: 0px; border: 0px;\">\r\n		Looking for an awesome buildable toy for a child who is new to LEGO&reg; sets? This 593-piece&nbsp;<i style=\"box-sizing: border-box; transition: opacity 0.25s ease-in-out 0s; margin: 0px; padding: 0px; border: 0px;\">Star&nbsp;Wars</i>&trade; set comes with step-by-step instructions so they can build with Jedi-level confidence.</li>\r\n	<li style=\"box-sizing: border-box; transition: opacity 0.25s ease-in-out 0s; margin: 0px; padding: 0px; border: 0px;\">\r\n		There are LEGO&reg;&nbsp;<i style=\"box-sizing: border-box; transition: opacity 0.25s ease-in-out 0s; margin: 0px; padding: 0px; border: 0px;\">Star&nbsp;Wars</i>&trade; sets to thrill fans of all ages, whether they want to recreate famous scenes, role-play their own stories or just display the brick-built replica models.</li>\r\n	<li style=\"box-sizing: border-box; transition: opacity 0.25s ease-in-out 0s; margin: 0px; padding: 0px; border: 0px;\">\r\n		Contains small parts!&nbsp;Not suitable for children under age 3 years.</li>\r\n</ul>\r\n', '2021-11-04 17:11:34', 1000, 'P06.jpg', 'C02', 'S01', 'B01'),
('P07', 'MILLENNIUM FALCON', 999, 1199, 'MILLENNIUM FALCON – 75192', '<p style=\"box-sizing: border-box; transition: opacity 0.25s ease-in-out 0s; margin: 10px 0px 0px; padding: 0px; border: 0px; color: rgb(5, 5, 6); font-family: Poppins, Helvetica, sans-serif; font-size: 14px;\">\r\n	Make room to display the most famous starship in the galaxy!</p>\r\n<p style=\"box-sizing: border-box; transition: opacity 0.25s ease-in-out 0s; margin: 10px 0px 0px; padding: 0px; border: 0px; color: rgb(5, 5, 6); font-family: Poppins, Helvetica, sans-serif; font-size: 14px;\">\r\n	Welcome to the largest, most detailed LEGO&reg;&nbsp;<i style=\"box-sizing: border-box; transition: opacity 0.25s ease-in-out 0s; margin: 0px; padding: 0px; border: 0px;\">Star&nbsp;Wars&trade;</i>&nbsp;<span style=\"box-sizing: border-box; transition: opacity 0.25s ease-in-out 0s; font-weight: 600; margin: 0px; padding: 0px; border: 0px;\">Millennium Falcon&trade;</span>&nbsp;model ever created&mdash;in fact, with 7,500 pieces it&rsquo;s one of the biggest LEGO models, period! This amazing LEGO interpretation of Han Solo&rsquo;s unforgettable Corellian freighter has all the details that&nbsp;<i style=\"box-sizing: border-box; transition: opacity 0.25s ease-in-out 0s; margin: 0px; padding: 0px; border: 0px;\">Star&nbsp;Wars</i>&nbsp;fans of any age could wish for, including intricate exterior detailing, upper and lower quad laser cannons, landing legs, lowering boarding ramp and a 4-minifigure cockpit with detachable canopy. Remove individual hull plates to reveal the highly detailed main hold, rear compartment and gunnery station. This amazing model also features interchangeable sensor dishes and crew, so you decide whether to play out classic LEGO&nbsp;<i style=\"box-sizing: border-box; transition: opacity 0.25s ease-in-out 0s; margin: 0px; padding: 0px; border: 0px;\">Star&nbsp;Wars</i>&nbsp;adventures with Han, Leia, Chewbacca and C-3PO, or enter the world of Episode VII and VIII with older Han, Rey, Finn and BB-8!</p>\r\n<p style=\"box-sizing: border-box; transition: opacity 0.25s ease-in-out 0s; margin: 10px 0px 0px; padding: 0px; border: 0px; color: rgb(5, 5, 6); font-family: Poppins, Helvetica, sans-serif; font-size: 14px;\">\r\n	&nbsp;</p>\r\n<ul style=\"box-sizing: border-box; transition: opacity 0.25s ease-in-out 0s; margin: 0px; padding-right: 0px; padding-left: 0px; border: 0px; list-style-position: inside; list-style-image: inherit; list-style-type: inherit; color: rgb(5, 5, 6); font-family: Poppins, Helvetica, sans-serif; font-size: 14px;\">\r\n	<li style=\"box-sizing: border-box; transition: opacity 0.25s ease-in-out 0s; margin: 0px; padding: 0px; border: 0px;\">\r\n		Includes four classic crew minifigures: Han Solo&trade;, Chewbacca&trade;, Princess Leia&trade; and C-3PO&trade;.</li>\r\n	<li style=\"box-sizing: border-box; transition: opacity 0.25s ease-in-out 0s; margin: 0px; padding: 0px; border: 0px;\">\r\n		Also includes three Episode VII/VIII crew minifigures: Older Han Solo, Rey and Finn.</li>\r\n	<li style=\"box-sizing: border-box; transition: opacity 0.25s ease-in-out 0s; margin: 0px; padding: 0px; border: 0px;\">\r\n		Figures include a BB-8&trade; droid, 2 buildable Porgs and a buildable Mynock.</li>\r\n	<li style=\"box-sizing: border-box; transition: opacity 0.25s ease-in-out 0s; margin: 0px; padding: 0px; border: 0px;\">\r\n		Exterior features include intricately detailed and removable hull panels, a lowering boarding ramp, concealed blaster cannon, 4-minifigure cockpit with detachable canopy, interchangeable round/rectangular sensor dishes, upper and lower quad laser cannons, and 7 landing legs.</li>\r\n	<li style=\"box-sizing: border-box; transition: opacity 0.25s ease-in-out 0s; margin: 0px; padding: 0px; border: 0px;\">\r\n		Main hold features a seating area, Dejarik holographic game, combat remote training helmet, engineering station with turning minifigure seat and a doorway build with passageway decoration.</li>\r\n	<li style=\"box-sizing: border-box; transition: opacity 0.25s ease-in-out 0s; margin: 0px; padding: 0px; border: 0px;\">\r\n		Rear compartment features the engine room with hyperdrive and console, 2 doorways, hidden floor compartment, 2 escape pod hatches, engineering console and an access ladder to the gunnery station.</li>\r\n	<li style=\"box-sizing: border-box; transition: opacity 0.25s ease-in-out 0s; margin: 0px; padding: 0px; border: 0px;\">\r\n		Gunnery station features a minifigure gunner&rsquo;s seat and detachable hull panel with fully rotating quad laser cannon. An additional quad laser cannon is also mounted on the underside.</li>\r\n	<li style=\"box-sizing: border-box; transition: opacity 0.25s ease-in-out 0s; margin: 0px; padding: 0px; border: 0px;\">\r\n		Also includes an informational fact plaque.</li>\r\n	<li style=\"box-sizing: border-box; transition: opacity 0.25s ease-in-out 0s; margin: 0px; padding: 0px; border: 0px;\">\r\n		Features a cockpit canopy element.</li>\r\n	<li style=\"box-sizing: border-box; transition: opacity 0.25s ease-in-out 0s; margin: 0px; padding: 0px; border: 0px;\">\r\n		Classic crew weapons include Han&rsquo;s blaster pistol and Chewbacca&rsquo;s stud-firing bowcaster.</li>\r\n	<li style=\"box-sizing: border-box; transition: opacity 0.25s ease-in-out 0s; margin: 0px; padding: 0px; border: 0px;\">\r\n		Assembled&nbsp;<span style=\"box-sizing: border-box; transition: opacity 0.25s ease-in-out 0s; font-weight: 600; margin: 0px; padding: 0px; border: 0px;\">Millennium Falcon&trade;</span>&nbsp;measures 33 x 22 x 8.25 inches (LxWxH).</li>\r\n	<li style=\"box-sizing: border-box; transition: opacity 0.25s ease-in-out 0s; margin: 0px; padding: 0px; border: 0px;\">\r\n		Contains small parts!&nbsp;Not suitable for children under age 3 years.</li>\r\n</ul>\r\n', '2021-11-04 17:13:32', 1000, 'P07.jpg', 'C02', 'S02', 'B01'),
('P08', 'DUCATI PANIGALE V4 R', 79, 89, 'DUCATI PANIGALE V4 R – 42107', '<p style=\"box-sizing: border-box; transition: opacity 0.25s ease-in-out 0s; margin: 10px 0px 0px; padding: 0px; border: 0px; color: rgb(5, 5, 6); font-family: Poppins, Helvetica, sans-serif; font-size: 14px;\">\r\n	<span style=\"box-sizing: border-box; transition: opacity 0.25s ease-in-out 0s; font-weight: 600; margin: 0px; padding: 0px; border: 0px;\">DUCATI PANIGALE V4 R &ndash; 42107</span></p>\r\n<p style=\"box-sizing: border-box; transition: opacity 0.25s ease-in-out 0s; margin: 10px 0px 0px; padding: 0px; border: 0px; color: rgb(5, 5, 6); font-family: Poppins, Helvetica, sans-serif; font-size: 14px;\">\r\n	Ages 10+ years&nbsp;&nbsp;&nbsp;&nbsp;&nbsp; 646 pieces</p>\r\n<p style=\"box-sizing: border-box; transition: opacity 0.25s ease-in-out 0s; margin: 10px 0px 0px; padding: 0px; border: 0px; color: rgb(5, 5, 6); font-family: Poppins, Helvetica, sans-serif; font-size: 14px;\">\r\n	Style, sophistication, performance. Recreate the iconic&nbsp;<span style=\"box-sizing: border-box; transition: opacity 0.25s ease-in-out 0s; font-weight: 600; margin: 0px; padding: 0px; border: 0px;\">Ducati Panigale V4 R</span>&nbsp;with this LEGO&reg; Technic&trade; set, featuring 2-speed gearbox, front and rear disc brakes and V4-cylinder engine.</p>\r\n<p style=\"box-sizing: border-box; transition: opacity 0.25s ease-in-out 0s; margin: 10px 0px 0px; padding: 0px; border: 0px; color: rgb(5, 5, 6); font-family: Poppins, Helvetica, sans-serif; font-size: 14px;\">\r\n	The roar of the engine. The thrill of acceleration. The smooth lean as you take a corner. If you&rsquo;ve ever imagined riding your own Ducati, you&rsquo;ll love building this LEGO&reg; Technic&trade;&nbsp;<span style=\"box-sizing: border-box; transition: opacity 0.25s ease-in-out 0s; font-weight: 600; margin: 0px; padding: 0px; border: 0px;\">Ducati Panigale V4 R</span>. Discover how the gearbox activates the V4-cylinder engine. See how Ducati achieves a smooth ride with front and rear suspension. Then explore different driving techniques with the 2-speed action.</p>\r\n<p style=\"box-sizing: border-box; transition: opacity 0.25s ease-in-out 0s; margin: 10px 0px 0px; padding: 0px; border: 0px; color: rgb(5, 5, 6); font-family: Poppins, Helvetica, sans-serif; font-size: 14px;\">\r\n	With breathtaking looks, this LEGO&reg; Technic&trade;&nbsp;<span style=\"box-sizing: border-box; transition: opacity 0.25s ease-in-out 0s; font-weight: 600; margin: 0px; padding: 0px; border: 0px;\">Ducati Panigale V4 R</span>&nbsp;captures the spirit and design of the original. It&rsquo;s the first model motorcycle in LEGO Technic history to include a gearbox for exploring different speeds and techniques. Other amazing features include steering, front and rear suspension for realistic movement, plus front and rear disc brakes.</p>\r\n<p style=\"box-sizing: border-box; transition: opacity 0.25s ease-in-out 0s; margin: 10px 0px 0px; padding: 0px; border: 0px; color: rgb(5, 5, 6); font-family: Poppins, Helvetica, sans-serif; font-size: 14px;\">\r\n	Ducati fans will appreciate the attention-to-detail in this amazing motorcycle replica. A kickstand, exhaust pipe, windshield and dashboard add the little details that make this model toy so true to the full-size version. And of course, the classic red color scheme is sure to quicken the pulse of any Ducati fan.</p>\r\n<p style=\"box-sizing: border-box; transition: opacity 0.25s ease-in-out 0s; margin: 10px 0px 0px; padding: 0px; border: 0px; color: rgb(5, 5, 6); font-family: Poppins, Helvetica, sans-serif; font-size: 14px;\">\r\n	As part of the LEGO&reg; Technic&trade; universe, this motorcycle model kit provides an immersive and rewarding building experience. With realistic features, it introduces builders to the world of engineering, as they discover how gear mechanisms work.</p>\r\n<p style=\"box-sizing: border-box; transition: opacity 0.25s ease-in-out 0s; margin: 10px 0px 0px; padding: 0px; border: 0px; color: rgb(5, 5, 6); font-family: Poppins, Helvetica, sans-serif; font-size: 14px;\">\r\n	&nbsp;</p>\r\n<ul style=\"box-sizing: border-box; transition: opacity 0.25s ease-in-out 0s; margin: 0px; padding-right: 0px; padding-left: 0px; border: 0px; list-style-position: inside; list-style-image: inherit; list-style-type: inherit; color: rgb(5, 5, 6); font-family: Poppins, Helvetica, sans-serif; font-size: 14px;\">\r\n	<li style=\"box-sizing: border-box; transition: opacity 0.25s ease-in-out 0s; margin: 0px; padding: 0px; border: 0px;\">\r\n		A representation of the famous&nbsp;<span style=\"box-sizing: border-box; transition: opacity 0.25s ease-in-out 0s; font-weight: 600; margin: 0px; padding: 0px; border: 0px;\">Ducati Panigale V4 R</span>&nbsp;to build, explore and display. LEGO&reg; Technic&trade; fans and motorcycle enthusiasts will love this stunning building challenge.</li>\r\n	<li style=\"box-sizing: border-box; transition: opacity 0.25s ease-in-out 0s; margin: 0px; padding: 0px; border: 0px;\">\r\n		Build your own&nbsp;<span style=\"box-sizing: border-box; transition: opacity 0.25s ease-in-out 0s; font-weight: 600; margin: 0px; padding: 0px; border: 0px;\">Ducati Panigale V4 R</span>&nbsp;to gain a unique insight into the features and functions that make up this iconic motorcycle. Also includes a 2-speed gear-box &ndash; a first for LEGO&reg; Technic&trade; motorcycles.</li>\r\n	<li style=\"box-sizing: border-box; transition: opacity 0.25s ease-in-out 0s; margin: 0px; padding: 0px; border: 0px;\">\r\n		Recreate the thrill of owning a&nbsp;<span style=\"box-sizing: border-box; transition: opacity 0.25s ease-in-out 0s; font-weight: 600; margin: 0px; padding: 0px; border: 0px;\">Ducati Panigale V4 R</span>, with front and rear suspension for realistic model movement. The classic red color scheme brings the motorcycle to life, with true Italian flair.</li>\r\n	<li style=\"box-sizing: border-box; transition: opacity 0.25s ease-in-out 0s; margin: 0px; padding: 0px; border: 0px;\">\r\n		Looking for the best gifts for motorbike fans? This is a great choice. It&rsquo;s also a super challenge for LEGO&reg; Technic&trade; fans aged 10+ who will get a thrill from seeing how a motorcycle works.</li>\r\n	<li style=\"box-sizing: border-box; transition: opacity 0.25s ease-in-out 0s; margin: 0px; padding: 0px; border: 0px;\">\r\n		This eye-catching model looks stunning on display. Its dimensions have been designed to give a true representation of the real-life model, measuring 12.6 x 3.2 x 6.3 inches (LxWxH).</li>\r\n	<li style=\"box-sizing: border-box; transition: opacity 0.25s ease-in-out 0s; margin: 0px; padding: 0px; border: 0px;\">\r\n		No batteries are needed for this Ducati motorbike toy. Passion, imagination and a desire to discover something new are all you need.</li>\r\n	<li style=\"box-sizing: border-box; transition: opacity 0.25s ease-in-out 0s; margin: 0px; padding: 0px; border: 0px;\">\r\n		It&rsquo;s easy to get started with this amazing LEGO&reg; set. Just open the box and you&rsquo;ll find easy-to-follow instructions so building the Ducati toy motorcycle can begin straightaway.</li>\r\n	<li style=\"box-sizing: border-box; transition: opacity 0.25s ease-in-out 0s; margin: 0px; padding: 0px; border: 0px;\">\r\n		LEGO&reg; Technic&trade; engineering toys are designed to provide an immersive and rewarding building experience, featuring realistic movement and mechanisms to help kids and adults explore the world of engineering.</li>\r\n	<li style=\"box-sizing: border-box; transition: opacity 0.25s ease-in-out 0s; margin: 0px; padding: 0px; border: 0px;\">\r\n		WARNING: Choking Hazard&mdash;Contains small parts!&nbsp;Not suitable for children under age 3 years!</li>\r\n</ul>\r\n', '2021-11-04 17:15:07', 1000, 'P08.jpg', 'C02', 'S02', 'B01'),
('P09', 'DINO FAURS', 20, 30, 'Recommended for ages 3 to 9 years', '<p style=\"box-sizing: border-box; transition: opacity 0.25s ease-in-out 0s; margin: 10px 0px 0px; padding: 0px; border: 0px; color: rgb(5, 5, 6); font-family: Poppins, Helvetica, sans-serif; font-size: 14px;\">\r\n	The&nbsp;<em style=\"box-sizing: border-box; transition: opacity 0.25s ease-in-out 0s; margin: 0px; padding: 0px; border: 0px;\">Aeromax&nbsp;</em><span style=\"box-sizing: border-box; transition: opacity 0.25s ease-in-out 0s; font-weight: 600; margin: 0px; padding: 0px; border: 0px;\">Dino-Faurs</span>&nbsp;pull back 4 wheel dinosaur trucks are sure to be a big hit with dinosaur enthusiasts! With the new&nbsp;<span style=\"box-sizing: border-box; transition: opacity 0.25s ease-in-out 0s; font-weight: 600; margin: 0px; padding: 0px; border: 0px;\">Dino-Faurs</span>&nbsp;you caN have races, pop wheelies, or just go back in time and dream about dinosaur life!&nbsp; Nicely sized at 7&quot;L x 5&quot; H x 4&quot;W, this friction powered pull back T-Rex Truck has high performance 4x4 wheels made from PVC for great traction and detailed realistic spring suspension! Just pull it back and watch it go! FAST!&nbsp; Indoor or Outdoors, even works on carpet.</p>\r\n<p style=\"box-sizing: border-box; transition: opacity 0.25s ease-in-out 0s; margin: 10px 0px 0px; padding: 0px; border: 0px; color: rgb(5, 5, 6); font-family: Poppins, Helvetica, sans-serif; font-size: 14px;\">\r\n	Dino-Fours come in two bold color choices, please note your color preference in the drop down menu above -&nbsp;<span style=\"box-sizing: border-box; transition: opacity 0.25s ease-in-out 0s; margin: 0px; padding: 0px; border: 0px; text-decoration-line: underline;\">Red</span>&nbsp;or&nbsp;<span style=\"box-sizing: border-box; transition: opacity 0.25s ease-in-out 0s; margin: 0px; padding: 0px; border: 0px; text-decoration-line: underline;\">Green</span>.</p>\r\n<p style=\"box-sizing: border-box; transition: opacity 0.25s ease-in-out 0s; margin: 10px 0px 0px; padding: 0px; border: 0px; color: rgb(5, 5, 6); font-family: Poppins, Helvetica, sans-serif; font-size: 14px;\">\r\n	&nbsp;</p>\r\n<ul style=\"box-sizing: border-box; transition: opacity 0.25s ease-in-out 0s; margin: 0px; padding-right: 0px; padding-left: 0px; border: 0px; list-style-position: inside; list-style-image: inherit; list-style-type: inherit; color: rgb(5, 5, 6); font-family: Poppins, Helvetica, sans-serif; font-size: 14px;\">\r\n	<li style=\"box-sizing: border-box; transition: opacity 0.25s ease-in-out 0s; margin: 0px; padding: 0px; border: 0px;\">\r\n		<span class=\"a-list-item\" style=\"box-sizing: border-box; transition: opacity 0.25s ease-in-out 0s; margin: 0px; padding: 0px; border: 0px;\">INCLUDES one dinosaur truck with amazing pull back action that works on most surfaces including carpet.</span></li>\r\n	<li style=\"box-sizing: border-box; transition: opacity 0.25s ease-in-out 0s; margin: 0px; padding: 0px; border: 0px;\">\r\n		<span class=\"a-list-item\" style=\"box-sizing: border-box; transition: opacity 0.25s ease-in-out 0s; margin: 0px; padding: 0px; border: 0px;\">INTENDED for ages 3 and up, indoor or outdoor use.</span></li>\r\n	<li style=\"box-sizing: border-box; transition: opacity 0.25s ease-in-out 0s; margin: 0px; padding: 0px; border: 0px;\">\r\n		<span class=\"a-list-item\" style=\"box-sizing: border-box; transition: opacity 0.25s ease-in-out 0s; margin: 0px; padding: 0px; border: 0px;\">HIGH QUALITY DURABLE body with state of the art spring suspension for extra fun.</span></li>\r\n	<li style=\"box-sizing: border-box; transition: opacity 0.25s ease-in-out 0s; margin: 0px; padding: 0px; border: 0px;\">\r\n		<span class=\"a-list-item\" style=\"box-sizing: border-box; transition: opacity 0.25s ease-in-out 0s; margin: 0px; padding: 0px; border: 0px;\">MOVEABLE mouth and tail, cool teeth, arms, and body detail gives this prehistoric truck a realistic feel. It can also do wheelies for added fun!</span></li>\r\n	<li style=\"box-sizing: border-box; transition: opacity 0.25s ease-in-out 0s; margin: 0px; padding: 0px; border: 0px;\">\r\n		<span class=\"a-list-item\" style=\"box-sizing: border-box; transition: opacity 0.25s ease-in-out 0s; margin: 0px; padding: 0px; border: 0px;\">Dino-Faurs measures 7 x 5 x 4&quot;&nbsp;</span></li>\r\n</ul>\r\n', '2021-11-04 17:18:26', 1000, 'P09.jpg', 'C03', 'S03 ', 'B01');
INSERT INTO product (proid, proname, price, oldprice, smalldesc, detaildesc, prodate, proqty, proimage, catid, supid, branchid) VALUES
('P10', 'TRUCK', 130, 150, 'Recommended for ages 4 to 10 years', '<p style=\"box-sizing: border-box; transition: opacity 0.25s ease-in-out 0s; margin: 10px 0px 0px; padding: 0px; border: 0px; color: rgb(5, 5, 6); font-family: Poppins, Helvetica, sans-serif; font-size: 14px;\">\r\n	Tow trucks are versatile tools in traffic, regardless of whether they load up broken-down vehicles and take them to the workshop or remove illegally parked vehicles. The MACK&reg; tow truck featuring many functions has now been added to the BRUDER&reg; range.</p>\r\n<p style=\"box-sizing: border-box; transition: opacity 0.25s ease-in-out 0s; margin: 10px 0px 0px; padding: 0px; border: 0px; color: rgb(5, 5, 6); font-family: Poppins, Helvetica, sans-serif; font-size: 14px;\">\r\n	The platform can be lowered to recover vehicles. It is also possible to load vehicles using the crane that can be extended and pivoted. In this process, the loading harness, consisting of chains and wheel clamps, enables safe and fast lifting and loading. Wheel chocks and folding outriggers secure the vehicle, and tread tires round off the HGV. The high-detail MACK truck&rsquo;s cab features doors that open and folding mirrors on the cab. The Light &amp; Sound Module is included.</p>\r\n<p style=\"box-sizing: border-box; transition: opacity 0.25s ease-in-out 0s; margin: 10px 0px 0px; padding: 0px; border: 0px; color: rgb(5, 5, 6); font-family: Poppins, Helvetica, sans-serif; font-size: 14px;\">\r\n	The new BRUDER roadster features a removable roof and can accommodate any Bworld figure. The BRUDER roadster comes with the new tire changing system for even more fun.</p>\r\n<p style=\"box-sizing: border-box; transition: opacity 0.25s ease-in-out 0s; margin: 10px 0px 0px; padding: 0px; border: 0px; color: rgb(5, 5, 6); font-family: Poppins, Helvetica, sans-serif; font-size: 14px;\">\r\n	&nbsp;</p>\r\n<ul style=\"box-sizing: border-box; transition: opacity 0.25s ease-in-out 0s; margin: 0px; padding-right: 0px; padding-left: 0px; border: 0px; list-style-position: inside; list-style-image: inherit; list-style-type: inherit; color: rgb(5, 5, 6); font-family: Poppins, Helvetica, sans-serif; font-size: 14px;\">\r\n	<li style=\"box-sizing: border-box; transition: opacity 0.25s ease-in-out 0s; margin: 0px; padding: 0px; border: 0px;\">\r\n		<span style=\"box-sizing: border-box; transition: opacity 0.25s ease-in-out 0s; font-weight: 600; margin: 0px; padding: 0px; border: 0px;\">BRUDER&reg; MACK Granite Tow-Truck with BRUDER Roadster</span>&nbsp;is 1:16 scale.</li>\r\n	<li style=\"box-sizing: border-box; transition: opacity 0.25s ease-in-out 0s; margin: 0px; padding: 0px; border: 0px;\">\r\n		Cab hood and doors open and include a folding outside mirror.</li>\r\n	<li style=\"box-sizing: border-box; transition: opacity 0.25s ease-in-out 0s; margin: 0px; padding: 0px; border: 0px;\">\r\n		Windows are made from transparent and shatter-proof plastic.</li>\r\n	<li style=\"box-sizing: border-box; transition: opacity 0.25s ease-in-out 0s; margin: 0px; padding: 0px; border: 0px;\">\r\n		Tow-Truck body features rubber tires and includes a folding and swiveling hoisting crane and stabilizer legs, and loading platform can be removed.&nbsp;</li>\r\n	<li style=\"box-sizing: border-box; transition: opacity 0.25s ease-in-out 0s; margin: 0px; padding: 0px; border: 0px;\">\r\n		Crane swivels and extends and includes load handling gear and wheel clamps for loading.</li>\r\n	<li style=\"box-sizing: border-box; transition: opacity 0.25s ease-in-out 0s; margin: 0px; padding: 0px; border: 0px;\">\r\n		BRUDER&reg; Roadster is all plastic with removable roof and detachable rubber tires.</li>\r\n	<li style=\"box-sizing: border-box; transition: opacity 0.25s ease-in-out 0s; margin: 0px; padding: 0px; border: 0px;\">\r\n		Can be used with all Bworld figures, which are&nbsp;<span style=\"box-sizing: border-box; transition: opacity 0.25s ease-in-out 0s; margin: 0px; padding: 0px; border: 0px; text-decoration-line: underline;\">available separately</span>.</li>\r\n	<li style=\"box-sizing: border-box; transition: opacity 0.25s ease-in-out 0s; margin: 0px; padding: 0px; border: 0px;\">\r\n		Constructed out of fade-resistant, high-quality ABS plastic, with no glue or screws, and rubber tires.</li>\r\n	<li style=\"box-sizing: border-box; transition: opacity 0.25s ease-in-out 0s; margin: 0px; padding: 0px; border: 0px;\">\r\n		Realistic details and functions encourage imaginative play.</li>\r\n	<li style=\"box-sizing: border-box; transition: opacity 0.25s ease-in-out 0s; margin: 0px; padding: 0px; border: 0px;\">\r\n		Great for use indoors and outdoors.</li>\r\n	<li style=\"box-sizing: border-box; transition: opacity 0.25s ease-in-out 0s; margin: 0px; padding: 0px; border: 0px;\">\r\n		MACK Granite Tow-Truck measures 21 x 8 x 11 inches (LxWxH).</li>\r\n	<li style=\"box-sizing: border-box; transition: opacity 0.25s ease-in-out 0s; margin: 0px; padding: 0px; border: 0px;\">\r\n		BRUDER&reg; Roadster measures 11 x 5 x 4 inches (LxWxH).</li>\r\n</ul>\r\n', '2021-11-04 17:20:10', 1000, 'P10.jpg', 'C03', 'S03 ', 'B01'),
('P11', 'STEEL WORKS ERECTOR', 30, 40, 'Recommended for ages 8 and up', '<p style=\"box-sizing: border-box; transition: opacity 0.25s ease-in-out 0s; margin: 10px 0px 0px; padding: 0px; border: 0px; color: rgb(5, 5, 6); font-family: Poppins, Helvetica, sans-serif; font-size: 14px;\">\r\n	Explore the world of real building with Steel Works, the classic steel construction set. Use the over 350 pieces to build a<span style=\"box-sizing: border-box; transition: opacity 0.25s ease-in-out 0s; font-weight: 600; margin: 0px; padding: 0px; border: 0px;\">&nbsp;Steel Works 4x4</span>, with articulated wheels, a working steering wheel, and off-roading tires. Be inspired, challenged and amazed as you explore your creativity and imagination. The durable steel parts let you build and rebuild real toys you can play with. Build something you are proud to display or take it apart and try something new. Each set comes with real steel parts, tools and detailed instructions. Perfect for creative builders!</p>\r\n<p style=\"box-sizing: border-box; transition: opacity 0.25s ease-in-out 0s; margin: 10px 0px 0px; padding: 0px; border: 0px; color: rgb(5, 5, 6); font-family: Poppins, Helvetica, sans-serif; font-size: 14px;\">\r\n	&nbsp;</p>\r\n<p style=\"box-sizing: border-box; transition: opacity 0.25s ease-in-out 0s; margin: 10px 0px 0px; padding: 0px; border: 0px; color: rgb(5, 5, 6); font-family: Poppins, Helvetica, sans-serif; font-size: 14px;\">\r\n	<span style=\"box-sizing: border-box; transition: opacity 0.25s ease-in-out 0s; font-weight: 600; margin: 0px; padding: 0px; border: 0px;\">Product features:</span></p>\r\n<ul style=\"box-sizing: border-box; transition: opacity 0.25s ease-in-out 0s; margin: 0px; padding-right: 0px; padding-left: 0px; border: 0px; list-style-position: inside; list-style-image: inherit; list-style-type: inherit; color: rgb(5, 5, 6); font-family: Poppins, Helvetica, sans-serif; font-size: 14px;\">\r\n	<li style=\"box-sizing: border-box; transition: opacity 0.25s ease-in-out 0s; margin: 0px; padding: 0px; border: 0px;\">\r\n		Compatible with other Steel Works sets</li>\r\n	<li style=\"box-sizing: border-box; transition: opacity 0.25s ease-in-out 0s; margin: 0px; padding: 0px; border: 0px;\">\r\n		<span class=\"a-list-item\" style=\"box-sizing: border-box; transition: opacity 0.25s ease-in-out 0s; margin: 0px; padding: 0px; border: 0px;\">Explore the world of real building with Steel Works, the classic steel construction set</span></li>\r\n	<li style=\"box-sizing: border-box; transition: opacity 0.25s ease-in-out 0s; margin: 0px; padding: 0px; border: 0px;\">\r\n		<span class=\"a-list-item\" style=\"box-sizing: border-box; transition: opacity 0.25s ease-in-out 0s; margin: 0px; padding: 0px; border: 0px;\">The durable steel parts let you build and rebuild real toys you can play with. Build something you are proud to display or take it apart and try something new</span></li>\r\n	<li style=\"box-sizing: border-box; transition: opacity 0.25s ease-in-out 0s; margin: 0px; padding: 0px; border: 0px;\">\r\n		<span class=\"a-list-item\" style=\"box-sizing: border-box; transition: opacity 0.25s ease-in-out 0s; margin: 0px; padding: 0px; border: 0px;\">Each set comes with real steel parts, tools and detailed instructions</span></li>\r\n	<li style=\"box-sizing: border-box; transition: opacity 0.25s ease-in-out 0s; margin: 0px; padding: 0px; border: 0px;\">\r\n		A great Steel Works starter set!</li>\r\n	<li style=\"box-sizing: border-box; transition: opacity 0.25s ease-in-out 0s; margin: 0px; padding: 0px; border: 0px;\">\r\n		Product dimensions: 13.9 x 9.5 x 1.7 inches</li>\r\n	<li style=\"box-sizing: border-box; transition: opacity 0.25s ease-in-out 0s; margin: 0px; padding: 0px; border: 0px;\">\r\n		WARNING: Choking Hazard&mdash;Contains small parts! Not suitable for children under age 3 years!</li>\r\n</ul>\r\n', '2021-11-04 17:21:51', 1000, 'P11.jpg', 'C03', 'S01', 'B01'),
('P12', 'TONKA BULLDOZER', 39, 59, 'Recommended for ages 3 to 8 years', '<p style=\"box-sizing: border-box; transition: opacity 0.25s ease-in-out 0s; margin: 10px 0px 0px; padding: 0px; border: 0px; color: rgb(5, 5, 6); font-family: Poppins, Helvetica, sans-serif; font-size: 14px;\">\r\n	The&nbsp;<span style=\"box-sizing: border-box; transition: opacity 0.25s ease-in-out 0s; font-weight: 600; margin: 0px; padding: 0px; border: 0px;\">Tonka&reg; Steel Classics Bulldozer</span>&nbsp;is ready to demolish and clear away anything in its path! Move dirt, sand and gravel with the workable blade and take control of any job site! This bulldozer is built to last and guaranteed for life!</p>\r\n<p style=\"box-sizing: border-box; transition: opacity 0.25s ease-in-out 0s; margin: 10px 0px 0px; padding: 0px; border: 0px; color: rgb(5, 5, 6); font-family: Poppins, Helvetica, sans-serif; font-size: 14px;\">\r\n	For over 70 years,&nbsp;<span style=\"box-sizing: border-box; transition: opacity 0.25s ease-in-out 0s; font-weight: 600; margin: 0px; padding: 0px; border: 0px;\">Tonka&reg;</span>&nbsp;has been the world&rsquo;s favorite toy truck! And today,&nbsp;<span style=\"box-sizing: border-box; transition: opacity 0.25s ease-in-out 0s; font-weight: 600; margin: 0px; padding: 0px; border: 0px;\">Tonka</span>&nbsp;is still rolling into the imaginations of kids all over the world. From one generation to the next,<span style=\"box-sizing: border-box; transition: opacity 0.25s ease-in-out 0s; font-weight: 600; margin: 0px; padding: 0px; border: 0px;\">&nbsp;Tonka</span>&nbsp;is a rite of passage that carries meaning and creates memories.</p>\r\n<p style=\"box-sizing: border-box; transition: opacity 0.25s ease-in-out 0s; margin: 10px 0px 0px; padding: 0px; border: 0px; color: rgb(5, 5, 6); font-family: Poppins, Helvetica, sans-serif; font-size: 14px;\">\r\n	<span style=\"box-sizing: border-box; transition: opacity 0.25s ease-in-out 0s; font-weight: 600; margin: 0px; padding: 0px; border: 0px;\">Tonka&reg;</span>&nbsp;inspires kids to create stories, get moving and stay active, while igniting imaginations to run away from screens and into new adventures!</p>\r\n<p style=\"box-sizing: border-box; transition: opacity 0.25s ease-in-out 0s; margin: 10px 0px 0px; padding: 0px; border: 0px; color: rgb(5, 5, 6); font-family: Poppins, Helvetica, sans-serif; font-size: 14px;\">\r\n	<span style=\"box-sizing: border-box; transition: opacity 0.25s ease-in-out 0s; font-weight: 600; margin: 0px; padding: 0px; border: 0px;\">Product features:</span></p>\r\n<ul class=\"a-unordered-list a-vertical a-spacing-mini\" style=\"box-sizing: border-box; transition: opacity 0.25s ease-in-out 0s; margin: 0px; padding-right: 0px; padding-left: 0px; border: 0px; list-style-position: inside; list-style-image: inherit; list-style-type: inherit; color: rgb(5, 5, 6); font-family: Poppins, Helvetica, sans-serif; font-size: 14px;\">\r\n	<li style=\"box-sizing: border-box; transition: opacity 0.25s ease-in-out 0s; margin: 0px; padding: 0px; border: 0px;\">\r\n		<span class=\"a-list-item\" style=\"box-sizing: border-box; transition: opacity 0.25s ease-in-out 0s; margin: 0px; padding: 0px; border: 0px;\">The&nbsp;<span style=\"box-sizing: border-box; transition: opacity 0.25s ease-in-out 0s; font-weight: 600; margin: 0px; padding: 0px; border: 0px;\">Tonka&reg;</span>&nbsp;steel bulldozer is ready to demolish and clear away anything in its path!</span></li>\r\n	<li style=\"box-sizing: border-box; transition: opacity 0.25s ease-in-out 0s; margin: 0px; padding: 0px; border: 0px;\">\r\n		<span class=\"a-list-item\" style=\"box-sizing: border-box; transition: opacity 0.25s ease-in-out 0s; margin: 0px; padding: 0px; border: 0px;\">Move dirt, sand and gravel with the workable blade and take control of any job site!</span></li>\r\n	<li style=\"box-sizing: border-box; transition: opacity 0.25s ease-in-out 0s; margin: 0px; padding: 0px; border: 0px;\">\r\n		<span class=\"a-list-item\" style=\"box-sizing: border-box; transition: opacity 0.25s ease-in-out 0s; margin: 0px; padding: 0px; border: 0px;\">This bulldozer is built&nbsp;<span style=\"box-sizing: border-box; transition: opacity 0.25s ease-in-out 0s; font-weight: 600; margin: 0px; padding: 0px; border: 0px;\">Tonka&reg;</span>&nbsp;tough with real steel!&nbsp;</span><span class=\"a-list-item\" style=\"box-sizing: border-box; transition: opacity 0.25s ease-in-out 0s; margin: 0px; padding: 0px; border: 0px;\">&nbsp;</span></li>\r\n	<li style=\"box-sizing: border-box; transition: opacity 0.25s ease-in-out 0s; margin: 0px; padding: 0px; border: 0px;\">\r\n		<span class=\"a-list-item\" style=\"box-sizing: border-box; transition: opacity 0.25s ease-in-out 0s; margin: 0px; padding: 0px; border: 0px;\">Bulldozer measures 13&quot; x 8&quot; x 8&quot;.</span></li>\r\n</ul>\r\n', '2021-11-04 17:23:13', 1000, 'P12.jpg', 'C03', 'S01', 'B01'),
('P13', 'CLIPSTIX', 30, 50, 'Recommended for ages 4 to 9 years', '<div class=\"product-tabs row\" style=\"box-sizing: border-box; transition: opacity 0.25s ease-in-out 0s; margin: 0px 0px 0px -15px; padding: 15px 0px 0px; border: 0px rgb(234, 234, 234); clear: both; color: rgb(5, 5, 6); font-family: Poppins, Helvetica, sans-serif; font-size: 14px;\">\r\n	<div class=\"tabsPages\" style=\"box-sizing: border-box; transition: opacity 0.25s ease-in-out 0s; margin: 0px; padding: 0px; border: 0px; width: 501.663px;\">\r\n		<div class=\"page info active\" style=\"box-sizing: border-box; transition: opacity 0.25s ease-in-out 0s; margin: 0px; padding: 15px; border: 0px; clear: both; min-height: 160px; overflow: auto; width: 501.663px; max-height: 953px;\">\r\n			<p style=\"box-sizing: border-box; transition: opacity 0.25s ease-in-out 0s; margin: 10px 0px 0px; padding: 0px; border: 0px;\">\r\n				Welcome to Clipstix&trade;. A construction toy that allows you to build the ordinary and inspires you to build the extraordinary! This 100-piece set includes everything you need to quickly build realistic looking model you can pick up and play with. Build by simply stacking one piece crosswise on another or by using the special clips to make them stick together. So what are you waiting for? Just follow the step by step instructions in the IDEA BOOK and you&#39;ll be building quicker and smart with Clipstix!</p>\r\n			<p style=\"box-sizing: border-box; transition: opacity 0.25s ease-in-out 0s; margin: 10px 0px 0px; padding: 0px; border: 0px;\">\r\n				&nbsp;</p>\r\n			<ul style=\"box-sizing: border-box; transition: opacity 0.25s ease-in-out 0s; margin: 0px; padding-right: 0px; padding-left: 0px; border: 0px; list-style-position: inside; list-style-image: inherit; list-style-type: inherit;\">\r\n				<li style=\"box-sizing: border-box; transition: opacity 0.25s ease-in-out 0s; margin: 0px; padding: 0px; border: 0px;\">\r\n					100 piece set allows for lots of open ended creation!</li>\r\n				<li style=\"box-sizing: border-box; transition: opacity 0.25s ease-in-out 0s; margin: 0px; padding: 0px; border: 0px;\">\r\n					Excellent Idea Book with colored illustrations</li>\r\n				<li style=\"box-sizing: border-box; transition: opacity 0.25s ease-in-out 0s; margin: 0px; padding: 0px; border: 0px;\">\r\n					Brought to you by&nbsp;<em style=\"box-sizing: border-box; transition: opacity 0.25s ease-in-out 0s; margin: 0px; padding: 0px; border: 0px;\">Popular Playthings</em>&nbsp;an innovator of open ended toys!</li>\r\n			</ul>\r\n		</div>\r\n	</div>\r\n</div>\r\n<p>\r\n	&nbsp;</p>\r\n', '2021-11-04 17:25:09', 1000, 'P13.jpg', 'C04', 'S03 ', 'B01'),
('P14', 'INNOVATION ACADEMY', 50, 60, 'Recommended for ages 5 to 12 years', '<div class=\"product-tabs row\" style=\"box-sizing: border-box; transition: opacity 0.25s ease-in-out 0s; margin: 0px 0px 0px -15px; padding: 15px 0px 0px; border: 0px rgb(234, 234, 234); clear: both; color: rgb(5, 5, 6); font-family: Poppins, Helvetica, sans-serif; font-size: 14px;\">\r\n	<div class=\"tabsPages\" style=\"box-sizing: border-box; transition: opacity 0.25s ease-in-out 0s; margin: 0px; padding: 0px; border: 0px; width: 501.663px;\">\r\n		<div class=\"page info active\" style=\"box-sizing: border-box; transition: opacity 0.25s ease-in-out 0s; margin: 0px; padding: 15px; border: 0px; clear: both; min-height: 160px; overflow: auto; width: 501.663px; max-height: 953px;\">\r\n			<p style=\"box-sizing: border-box; transition: opacity 0.25s ease-in-out 0s; margin: 10px 0px 0px; padding: 0px; border: 0px;\">\r\n				Melissa &amp; Doug&reg; Innovation Academy&trade; kid-powered projects encourage open-ended, hands-on exploration and experimentation &mdash; it&#39;s STEM learning made fun!</p>\r\n			<p style=\"box-sizing: border-box; transition: opacity 0.25s ease-in-out 0s; margin: 10px 0px 0px; padding: 0px; border: 0px;\">\r\n				With&nbsp;<span style=\"box-sizing: border-box; transition: opacity 0.25s ease-in-out 0s; font-weight: 600; margin: 0px; padding: 0px; border: 0px;\">Pinball Game</span>, kids can put together their own pinball machine with a bell for one or two players, while exploring physics and mechanisms! Easy-to-follow illustrated instructions help kids 8 and older build their project independently. A built-in score counter lets players keep track of points as they perfect their pinball skills and investigate mechanical design and the physics of movement!</p>\r\n			<p style=\"box-sizing: border-box; transition: opacity 0.25s ease-in-out 0s; margin: 10px 0px 0px; padding: 0px; border: 0px;\">\r\n				The included Innovation Booklet enhances interactive learning long after the project is assembled. A portion of all sales of Innovation Academy products supports The Whitney Workshop in Hamden, CT, which designs and teaches projects for kids and adults that blend art, science and invention.</p>\r\n			<p style=\"box-sizing: border-box; transition: opacity 0.25s ease-in-out 0s; margin: 10px 0px 0px; padding: 0px; border: 0px;\">\r\n				&nbsp;</p>\r\n			<ul style=\"box-sizing: border-box; transition: opacity 0.25s ease-in-out 0s; margin: 0px; padding-right: 0px; padding-left: 0px; border: 0px; list-style-position: inside; list-style-image: inherit; list-style-type: inherit;\">\r\n				<li style=\"box-sizing: border-box; transition: opacity 0.25s ease-in-out 0s; margin: 0px; padding: 0px; border: 0px;\">\r\n					Create a 1- or 2-player&nbsp;<span style=\"box-sizing: border-box; transition: opacity 0.25s ease-in-out 0s; font-weight: 600; margin: 0px; padding: 0px; border: 0px;\">Pinball Game</span>, while exploring physics and mechanisms with the Melissa &amp; Doug&reg;&nbsp;<span style=\"box-sizing: border-box; transition: opacity 0.25s ease-in-out 0s; font-weight: 600; margin: 0px; padding: 0px; border: 0px;\">Innovation Academy&trade; Pinball Game</span>.</li>\r\n				<li style=\"box-sizing: border-box; transition: opacity 0.25s ease-in-out 0s; margin: 0px; padding: 0px; border: 0px;\">\r\n					Includes all materials and hardware to build, screwdriver, instruction/innovation booklet, collectible Innovation Academy&trade; seal, 3 pinballs and backer card.</li>\r\n				<li style=\"box-sizing: border-box; transition: opacity 0.25s ease-in-out 0s; margin: 0px; padding: 0px; border: 0px;\">\r\n					A built-in score counter lets players keep track of points as they perfect their pinball skills and investigate mechanical design and the physics of movement.</li>\r\n				<li style=\"box-sizing: border-box; transition: opacity 0.25s ease-in-out 0s; margin: 0px; padding: 0px; border: 0px;\">\r\n					Innovation Academy&trade; kid-powered projects encourage open-ended, hands-on exploration and experimentation &mdash; STEM learning made fun!</li>\r\n				<li style=\"box-sizing: border-box; transition: opacity 0.25s ease-in-out 0s; margin: 0px; padding: 0px; border: 0px;\">\r\n					A portion of sales of all Innovation Academy&trade; products supports The Whitney Workshop in Hamden, CT, which designs and teaches projects for kids and adults that blend art, science and invention.</li>\r\n				<li style=\"box-sizing: border-box; transition: opacity 0.25s ease-in-out 0s; margin: 0px; padding: 0px; border: 0px;\">\r\n					Makes a great gift for preteens, ages 8 to 12, for hands-on, screen-free fun.</li>\r\n				<li style=\"box-sizing: border-box; transition: opacity 0.25s ease-in-out 0s; margin: 0px; padding: 0px; border: 0px;\">\r\n					Contains small parts!&nbsp;Not suitable for children under age 3 years!</li>\r\n			</ul>\r\n		</div>\r\n	</div>\r\n</div>\r\n<p>\r\n	&nbsp;</p>\r\n', '2021-11-04 17:26:28', 1000, 'P14.jpg', 'C04', 'S02', 'B01'),
('P15', 'LEARN TO BUILD SPORTS', 150, 160, 'Recommended for ages 5 to 12 years   ', '<p style=\"box-sizing: border-box; transition: opacity 0.25s ease-in-out 0s; margin: 10px 0px 0px; padding: 0px; border: 0px; color: rgb(5, 5, 6); font-family: Poppins, Helvetica, sans-serif; font-size: 14px;\">\r\n	The&nbsp;<span style=\"box-sizing: border-box; transition: opacity 0.25s ease-in-out 0s; font-weight: 600; margin: 0px; padding: 0px; border: 0px;\">Plus-Plus&reg; Learn To Build &ndash; Sports</span>&nbsp;set contains everything you need to get started with this unique construction toy. The guide book gives step-by step instructions to build 4 of your favorite sports: football, hockey, basketball and soccer.</p>\r\n<p style=\"box-sizing: border-box; transition: opacity 0.25s ease-in-out 0s; margin: 10px 0px 0px; padding: 0px; border: 0px; color: rgb(5, 5, 6); font-family: Poppins, Helvetica, sans-serif; font-size: 14px;\">\r\n	Set includes 380 total pieces, including basic red, basic yellow, basic blue, basic orange, brown, white, black, peach, neon orange, neon transparent pieces; 2 baseplates &ndash; 1 tan and 1 green; 2-sided play mat; and a guide book.</p>\r\n<p style=\"box-sizing: border-box; transition: opacity 0.25s ease-in-out 0s; margin: 10px 0px 0px; padding: 0px; border: 0px; color: rgb(5, 5, 6); font-family: Poppins, Helvetica, sans-serif; font-size: 14px;\">\r\n	Each piece easily connects to the next and lets your imagination create colorful flat mosaics, or work in 3-D to make more intricate builds. Even curves are possible thanks to the unique design of this deceptively simple shape! A perfect STEM toy to develop fine motor skills, focus and patience &ndash; as well as design, imagination and creativity!</p>\r\n<p style=\"box-sizing: border-box; transition: opacity 0.25s ease-in-out 0s; margin: 10px 0px 0px; padding: 0px; border: 0px; color: rgb(5, 5, 6); font-family: Poppins, Helvetica, sans-serif; font-size: 14px;\">\r\n	Plus-Plus&reg; is made in Denmark in a zero-plastic-waste factory powered by renewable energy.</p>\r\n<p style=\"box-sizing: border-box; transition: opacity 0.25s ease-in-out 0s; margin: 10px 0px 0px; padding: 0px; border: 0px; color: rgb(5, 5, 6); font-family: Poppins, Helvetica, sans-serif; font-size: 14px;\">\r\n	&nbsp;</p>\r\n<ul style=\"box-sizing: border-box; transition: opacity 0.25s ease-in-out 0s; margin: 0px; padding-right: 0px; padding-left: 0px; border: 0px; list-style-position: inside; list-style-image: inherit; list-style-type: inherit; color: rgb(5, 5, 6); font-family: Poppins, Helvetica, sans-serif; font-size: 14px;\">\r\n	<li style=\"box-sizing: border-box; transition: opacity 0.25s ease-in-out 0s; margin: 0px; padding: 0px; border: 0px;\">\r\n		<div style=\"box-sizing: border-box; transition: opacity 0.25s ease-in-out 0s; margin: 0px; padding: 0px; border: 0px;\">\r\n			The classic plastic building shape with so many STEM benefits now plays sports!</div>\r\n	</li>\r\n	<li style=\"box-sizing: border-box; transition: opacity 0.25s ease-in-out 0s; margin: 0px; padding: 0px; border: 0px;\">\r\n		A simple design fuels creativity! Plus-Plus&reg; is a unique construction toy with one shape and endless possibilities!</li>\r\n	<li style=\"box-sizing: border-box; transition: opacity 0.25s ease-in-out 0s; margin: 0px; padding: 0px; border: 0px;\">\r\n		Set includes 380 pieces,2 baseplates, a two-sided mat and guide book with step-by-step instructions.</li>\r\n	<li style=\"box-sizing: border-box; transition: opacity 0.25s ease-in-out 0s; margin: 0px; padding: 0px; border: 0px;\">\r\n		Choose your team and build four different sports scenes: Basketball, football, soccer or hockey.</li>\r\n	<li style=\"box-sizing: border-box; transition: opacity 0.25s ease-in-out 0s; margin: 0px; padding: 0px; border: 0px;\">\r\n		Comes with nine different colors, neon transparent pieces, 2 baseplates, a 2-sided playmat, and a color guidebook offering building tips for fans.</li>\r\n	<li style=\"box-sizing: border-box; transition: opacity 0.25s ease-in-out 0s; margin: 0px; padding: 0px; border: 0px;\">\r\n		All Plus-Plus&reg; sets are compatible with each other.</li>\r\n	<li style=\"box-sizing: border-box; transition: opacity 0.25s ease-in-out 0s; margin: 0px; padding: 0px; border: 0px;\">\r\n		Perfect for those seeking toys supporting open-ended and unscripted play.</li>\r\n	<li style=\"box-sizing: border-box; transition: opacity 0.25s ease-in-out 0s; margin: 0px; padding: 0px; border: 0px;\">\r\n		Encourages fine motor skills, spatial reasoning skills, problem solving and creativity.&nbsp;</li>\r\n	<li style=\"box-sizing: border-box; transition: opacity 0.25s ease-in-out 0s; margin: 0px; padding: 0px; border: 0px;\">\r\n		Plus-Plus&reg; is BPA-free and phthalate-free.</li>\r\n	<li style=\"box-sizing: border-box; transition: opacity 0.25s ease-in-out 0s; margin: 0px; padding: 0px; border: 0px;\">\r\n		Designed and precision crafted in Denmark.</li>\r\n	<li style=\"box-sizing: border-box; transition: opacity 0.25s ease-in-out 0s; margin: 0px; padding: 0px; border: 0px;\">\r\n		Each Plus-Plus&reg; piece measures 0.75 x 0.5 inches (20mm x 12mm).</li>\r\n	<li style=\"box-sizing: border-box; transition: opacity 0.25s ease-in-out 0s; margin: 0px; padding: 0px; border: 0px;\">\r\n		Not suitable for children under age 3 years!</li>\r\n</ul>\r\n', '2021-11-04 17:28:32', 1000, 'P15.jpg', 'C04', 'S03 ', 'B01'),
('P16', 'KEVA CONTRAPTIONS', 100, 120, 'Recommended for ages 5 to 12 years', '<p style=\"box-sizing: border-box; transition: opacity 0.25s ease-in-out 0s; margin: 10px 0px 0px; padding: 0px; border: 0px; color: rgb(5, 5, 6); font-family: Poppins, Helvetica, sans-serif; font-size: 14px;\">\r\n	Construct tracks, tunnels, funnels, ramps, and chutes. Bring your creations and innovations to life when you set the ball rolling! A skill developing set for sure! Kids build using trial and error and gain understanding of physics and engineering concepts. The equally sized planks seem simple to stack, but complex logic is required to complete a working ball track. Kids use fine motor skills to ensure their creations maintain balance and structural stability. No glue or connectors are needed, only simple stacking and gravity. If you reach an impasse in completing your contraption, the 18-page Idea Book will help. 200 pine planks and 2 balls offer endless contraption-making fun!</p>\r\n<p style=\"box-sizing: border-box; transition: opacity 0.25s ease-in-out 0s; margin: 10px 0px 0px; padding: 0px; border: 0px; color: rgb(5, 5, 6); font-family: Poppins, Helvetica, sans-serif; font-size: 14px;\">\r\n	&nbsp;</p>\r\n<ul style=\"box-sizing: border-box; transition: opacity 0.25s ease-in-out 0s; margin: 0px; padding-right: 0px; padding-left: 0px; border: 0px; list-style-position: inside; list-style-image: inherit; list-style-type: inherit; color: rgb(5, 5, 6); font-family: Poppins, Helvetica, sans-serif; font-size: 14px;\">\r\n	<li style=\"box-sizing: border-box; transition: opacity 0.25s ease-in-out 0s; margin: 0px; padding: 0px; border: 0px;\">\r\n		Includes 200 high-precision pine planks, 2 lightweight balls, and Idea Book</li>\r\n	<li style=\"box-sizing: border-box; transition: opacity 0.25s ease-in-out 0s; margin: 0px; padding: 0px; border: 0px;\">\r\n		The &quot;bounce&quot; of the specially-designed balls provides some of the most surprising moves&mdash;make them twist, bump, hop, and stop</li>\r\n	<li style=\"box-sizing: border-box; transition: opacity 0.25s ease-in-out 0s; margin: 0px; padding: 0px; border: 0px;\">\r\n		Guide book is loaded with instructions, photos, ideas, and tips</li>\r\n	<li style=\"box-sizing: border-box; transition: opacity 0.25s ease-in-out 0s; margin: 0px; padding: 0px; border: 0px;\">\r\n		Simple, high-quality materials for countless hours of fun</li>\r\n	<li style=\"box-sizing: border-box; transition: opacity 0.25s ease-in-out 0s; margin: 0px; padding: 0px; border: 0px;\">\r\n		Develops fine motor skills, logic, and understandings of physics and engineering concepts</li>\r\n	<li style=\"box-sizing: border-box; transition: opacity 0.25s ease-in-out 0s; margin: 0px; padding: 0px; border: 0px;\">\r\n		Build a &quot;black hole&quot; and &quot;bounce plate&quot;</li>\r\n	<li style=\"box-sizing: border-box; transition: opacity 0.25s ease-in-out 0s; margin: 0px; padding: 0px; border: 0px;\">\r\n		Compatible with other&nbsp;<span style=\"box-sizing: border-box; transition: opacity 0.25s ease-in-out 0s; font-weight: 600; margin: 0px; padding: 0px; border: 0px;\">KEVA</span>&nbsp;build sets</li>\r\n	<li style=\"box-sizing: border-box; transition: opacity 0.25s ease-in-out 0s; margin: 0px; padding: 0px; border: 0px;\">\r\n		Boxed set measures 13&quot; x 13&quot; x 6&quot; and weighs 8 lbs</li>\r\n</ul>\r\n', '2021-11-04 17:30:07', 1000, 'P16.jpg', 'C04', 'S02', 'B01');


